<?xml version="1.0" encoding="utf-8"?>
<layer-list xmlns:android="http://schemas.android.com/apk/res/android">

    <item>
        <shape android:shape="rectangle">
            <solid android:color="@color/colorTransparentOutline" />
            <padding
                android:bottom="1dp"
                android:left="1dp"
                android:top="1dp" />
        </shape>
    </item>
    <item>
        <shape android:shape="rectangle">
            <padding
                android:bottom="5dp"
                android:left="5dp"
                android:right="5dp"
                android:top="5dp" />

            <solid android:color="@color/colorTransparent" />
        </shape>
    </item>
</layer-list>